implementation,median_ms,mean_ms,min_ms,max_ms,stdev_ms
structured,4.15491584019037,4.157575918070506,4.096651249856222,4.207077500177547,0.040938103690321685
naive,6.508824580232613,6.5155539980041794,6.496299999998882,6.534522910078522,0.017630063537320398
