implementation,median_ms,mean_ms,min_ms,max_ms,stdev_ms
structured,4.455204579862766,4.474771915876772,4.368136669800151,4.709082079934888,0.1370681641437788
naive,4.479591250128578,4.470502332027536,4.428059580095578,4.490500410029199,0.02526720113861557
